Nombre de ville, temps d execution, Poids chemin, nombre d iterations20,4.1440775,150,194520,3.4465796000000006,142,1945
50,3.9151452000000013,305,1945
50,3.9241778000000007,327,1945
4,4.2762639,38,1945
